{
  "items": [
    {
      "id": 1,
      "task": "자기",
      "due": "20210901",
      "status": "done"
    },
    {
      "id": 2,
      "task": "청소하기",
      "due": "20210902",
      "status": "done"
    },
    {
      "id": 3,
      "task": "공부하기",
      "due": "20210903",
      "status": "done"
    },
    {
      "id": 4,
      "task": "달리기",
      "due": "20210904",
      "status": "done"
    },
    {
      "id": 5,
      "task": "숙제하기",
      "due": "20210905",
      "status": "todo"
    },
    {
      "id": 6,
      "task": "수업듣기",
      "due": "20220901",
      "status": "todo"
    },
    {
      "id": 7,
      "task": "밥먹기",
      "due": "20220101",
      "status": "todo"
    },
    {
      "id": 8,
      "task": "자기",
      "due": "20220301",
      "status": "done"
    },
    {
      "id": 9,
      "task": "공부하기",
      "due": "20220501",
      "status": "done"
    },
    {
      "id": 10,
      "task": "게임하기",
      "due": "20221031",
      "status": "done"
    }
  ]
}